id_hotel,nombre,url_principal,ciudad,pais,latitud,longitud
253251479,Hotel Summerville,,,Brasil,-8.4354287,-34.9809079
253251551,Marupiara,https://www.booking.com/hotel/br/marupiara-porto-de-galinhas.pt-br.html,,Brasil,-8.4312949,-34.9814223
253251562,Nannai Resort & Spa,https://www.booking.com/hotel/br/nannai-resort-amp-spa.html,,Brasil,-8.4325399,-34.9805186
253271848,Portal Atlantico,,,Brasil,-8.4775277,-34.9989292
253406764,Praia do Futuro,,,Brasil,-3.7327552,-38.4583392
259796163,Solar do Caeté,https://melhorespousadas.tur.br/pa/braganca/hotel-solar-do-caete,,Brasil,-1.0572828,-46.7624438
259796165,Hotel Aruans,https://www.booking.com/hotel/br/pousada-aruans-casarao.pt-br.html,,Brasil,-1.0565336,-46.7633948
259796166,Hotel Delta,https://deltarioparnaiba.com.br/hotel-delta/,,Brasil,-1.0573283,-46.7642715
259796167,Bragança Palace Hotel,https://www.booking.com/hotel/br/braganca-palace-braganca.pt-pt.html,,Brasil,-1.0549047,-46.7650211
259796169,Marujo's Suite Hotel,https://hotel-marujos-suite.hoteis-nortedobrasil.com/,,Brasil,-1.0559409,-46.7675526
259796170,Hotel Millenyum,https://www.booking.com/hotel/br/manaus-hoteis-millennium.pt-br.html,,Brasil,-1.0591565,-46.7682986
260585942,Lucian Apart Hotel,https://guiafacil.com/site/lucian-apart-hotel/braganca/pa/9134252812,,Brasil,-1.0581674,-46.7658589
270342692,Ibis,https://ibis.accor.com/pt-br/destination/city/hotels-curitiba-v6092.html,Curitiba,Brasil,-25.4244592,-49.2711819
282383817,Grande Hotel Minas Gerais,https://www.booking.com/hotel/br/grande-minas-gerais-guacui.pt-br.html,Guaçuí,Brasil,-20.7729961,-41.6768349
297295195,Hotel e Restaurante Moura,https://www.hotelmoura.com.br/restaurante,,Brasil,-1.1560058,-46.3537058
311245596,Pousada e Restaurante Vista Linda,,Domingos Martins,Brasil,-20.3818899,-40.6052022
315623285,,,,Brasil,-20.8413218,-41.1230427
320548710,Lord Hotel,https://lordhotelcascavel.com.br/,,Brasil,-2.5288192,-44.3045866
321706825,Pousada Lapa Grande,https://www.booking.com/hotel/br/pousada-lapa-grande.html,,Brasil,-19.3487864,-43.6411433
322322649,Pousada Varandas da Serra,https://www.booking.com/hotel/br/varandas-da-serra.pt-br.html,,Brasil,-19.3207149,-43.6099317
322323100,Pousada Entre Folhas,https://www.booking.com/hotel/br/pousada-entre-folhas-serra-do-cipo.pt-br.html,,Brasil,-19.3215874,-43.6117285
322323159,Pouso Cipó,,,Brasil,-19.3236384,-43.6135738
322323185,Pousada Villa Verde Chalés,,,Brasil,-19.3284606,-43.6158838
322323326,Pousada Ecobamboo,,,Brasil,-19.3307563,-43.6193149
322535317,Pousada Vilarejo da Serra,https://pousada-vilarejo-da-serra.minas-gerais-hotels.com/pt/,,Brasil,-19.3203462,-43.6098095
322535352,Pousada Fazenda do Engenho,https://www.booking.com/hotel/br/pousada-fazenda-do-engenho.pt-br.html,,Brasil,-19.3387484,-43.6077927
322535806,Pousada Renascer,https://www.booking.com/hotel/br/pousada-da-cachoeira-araras.pt-br.html,,Brasil,-19.3361897,-43.6222754
322535809,Pousada Village da Serra,https://www.booking.com/hotel/br/pousada-village-da-serra-santana-do-riacho.html,,Brasil,-19.331857,-43.6193657
322536311,Pousada Mangueira,https://www.booking.com/hotel/br/pousada-da-mangueira.pt-br.html,,Brasil,-19.333052,-43.6214535
322536323,Pousada Recanto da Serra,https://www.booking.com/hotel/br/pousada-recanto-da-serra-santana-do-riacho.pt-br.html,,Brasil,-19.3339815,-43.6209962
322536598,Pousada Bela Vista,,,Brasil,-19.3376463,-43.6323557
322551701,Pousada Adega Cipó,https://www.booking.com/hotel/br/pousada-adega-cipo-santana-do-riacho.html,,Brasil,-19.3371586,-43.6264022
322551702,Pousada Jardim de Minas,https://www.booking.com/hotel/br/pousada-jardim-de-minas-serra-do-cipo1.html,,Brasil,-19.3365533,-43.6282313
322551708,Pousada do Matuto,https://www.booking.com/hotel/br/pousada-matuto-cipo-santana-do-riacho.pt-br.html,,Brasil,-19.337074,-43.6296164
322551727,Pousada Aconchego,https://aconchego-na-montanha-12460-000-2.hotelcamposdojordao.com/pt/,,Brasil,-19.3378643,-43.6298225
322551742,Pousada das Flores Piedade,,,Brasil,-19.3361107,-43.6245207
322551746,Pousada Estalagem da Serra,https://www.booking.com/hotel/br/pousada-estalagem-da-serra-serra-do-cipo.pt-br.html,,Brasil,-19.3364293,-43.6236028
322551879,Pousada Canto das Águas,https://www.booking.com/hotel/br/pousada-canto-das-aguas-serra-do-cipo.pt-br.html,,Brasil,-19.3415072,-43.6397065
322551888,Pousada Pôr do Sol,,,Brasil,-19.3432129,-43.6404424
322551896,Pousada da Serra,https://www.agoda.com/en-in/pousada-da-nana/hotel/serra-br.html,,Brasil,-19.3434639,-43.6399404
322551898,Pousada Solar dos Ipês,https://www.booking.com/hotel/br/solar-dos-ipes.pt-br.html,,Brasil,-19.3436236,-43.6410756
322551904,Cipó Veraneio Hotel,https://cipo-veraneio.minas-gerais-hotels.com/pt/,,Brasil,-19.3451154,-43.6433603
322551908,Pousada Canto Verde,https://www.booking.com/hotel/br/pousada-canto-verde.pt-br.html,,Brasil,-19.3452038,-43.6438652
322765863,Hotel Fagundes Varela,https://www.booking.com/hotel/br/quintal-niteroi-niteroi.pt-br.html,,Brasil,-22.8999684,-43.1143159
331954898,,,,Brasil,-22.9643453,-43.1770607
332786802,Pousada Recanto dos Coqueiros,https://www.booking.com/hotel/br/pousada-recanto-dos-coqueiros.pt-br.html,,Brasil,-19.3283816,-43.6175093
332786804,Pousada Chão da Serra,https://www.booking.com/hotel/br/pousada-chapso-da-serra.pt-br.html,,Brasil,-19.3196777,-43.6087494
332786846,Pousada das Pedras,https://www.trivago.com.br/pt-BR/oar/hotel-pousada-das-pedras-monte-verde?search=100-6996566,,Brasil,-19.3177364,-43.6078844
340473485,Hotel Riazor,http://hotelriazor.com.br/?lg=en,,Brasil,-22.9262485,-43.1767661
349252748,Pousada dos Cocais,,,Brasil,-19.9242148,-40.111301
412310724,Copacabana Praia Hotel,http://copacabanapraiahotel.com.br/,Rio de Janeiro,Brasil,-22.9869257,-43.1899271
416653243,Jardim do Ouro,,,Brasil,-6.2553459,-55.771089
416654175,Pousada Borboleta,https://www.booking.com/hotel/br/pousada-borboleta.pt-br.html,,Brasil,-4.5252266,-37.7053579
422345144,Hotel Nova Era,https://br.todosnegocios.com/pt/hotel-nova-era_5g-31-3861-1935,,Brasil,-1.0592404,-46.7682816
429667838,Hotel Praia do Sol,https://www.booking.com/hotel/br/praia-do-sol.pt-br.html,,Brasil,-14.8188251,-39.0258871
431013589,Windsor Florida Hotel,https://windsorhoteis.com/hotel/windsor-florida/,Rio de Janeiro,Brasil,-22.9271554,-43.1761669
431750143,Hotel Oásis do Catete,https://www.yelp.com/biz/hotel-oásis-do-catete-rio-de-janeiro,,Brasil,-22.9225252,-43.1773209
445662664,,,,Brasil,-23.4968915,-46.8480735
445662683,,,,Brasil,-23.4925528,-46.8476979
450195952,Fazenda São Gerônimo,,,Brasil,-0.6911978,-48.4983098
450645615,Pousada dos Guarás,,,Brasil,-0.7700551,-48.5124439
452657821,Riale Imperial Flamengo,https://www.booking.com/hotel/br/imperial-rio-de-janeiro.pt-br.html,Rio de Janeiro,Brasil,-22.9273152,-43.1768644
452657840,Vitória,,Rio de Janeiro,Brasil,-22.9264561,-43.176775
460154758,Hotel Parque Balneário,https://www.castelodeitaipavahoteis.com.br/hotel/parque-balneario-santos,,Brasil,-23.9690536,-46.3327006
479091125,Motel Emoção,https://motelemocoes.com.br/suites/,,Brasil,-22.8798828,-43.3547239
482734199,Piramide,,,Brasil,-24.5232485,-48.1088989
482736038,Rial,,,Brasil,-24.1804858,-46.7853338
486883738,Hotel Pousada da Colina,,,Brasil,-21.7065818,-47.4818674
493041520,San Siro,,,Brasil,-22.0105731,-47.8890936
496296767,Motel Las Vegas,https://www.motellasvegas.com.br/suítes,,Brasil,-23.5027685,-47.4121176
502762270,,,,Brasil,-5.8206127,-35.2384034
502762276,,,,Brasil,-5.821648,-35.2331174
502863752,Guanabara Palace Hotel,https://guanabarahotel.com.br/,,Brasil,-22.9010321,-43.1795544
504459657,Pousada Casa das Flores,,,Brasil,-14.1762751,-47.8148154
505534675,Mercure,https://all.accor.com/hotel/3575/index.pt-br.shtml,Belo Horizonte,Brasil,-19.9374978,-43.945012
507684840,Hotel Novo Mundo,https://novo-mundo.riodejaneiro-hotels.net/pt/,Rio de Janeiro,Brasil,-22.9252036,-43.1732739
512847984,Hotel La Costa,https://www.booking.com/hotel/br/la-costa.html,,Brasil,-22.9142993,-43.1826263
512852947,Love Time Hotel,https://www.lovetimehotel.com.br/,,Brasil,-22.9220847,-43.1765722
512854718,Hotel Shalimar,https://www.booking.com/hotel/br/best-western-shalimar-praia.pt-br.html,,Brasil,-22.9948706,-43.2349661
512858216,Motel Sinless,https://www.planetabrasileiro.com/motel-sinless-vidigal-rio-de-janeiro-rj-F120BC8041ED34C,,Brasil,-22.9948114,-43.234832
512860156,Elegance,https://www.elegancepraiahotel.com.br/,Rio de Janeiro,Brasil,-22.928362,-43.1747683
512865324,Escort Motel,https://www.xvideos.com/?k=brazilian+escort+anal+hotel,,Brasil,-22.9930668,-43.2558231
512867289,Nosso Hotel,https://www.nossomotel.com.br/,,Brasil,-22.9947421,-43.2347354
512869193,Challon Motel,https://www.yelp.com/biz/challon-motel-rio-de-janeiro,,Brasil,-22.9208354,-43.1806023
512871642,Diamond Hotel,https://www.skyscanner.com.br/hoteis/tailandia/nan-hotels/diamond-homestay-nan/ht-146192562,,Brasil,-22.9175068,-43.1773673
512873877,Hotel Barão do Flamengo,http://hotelbaraodoflamengo.com.br/wp/,,Brasil,-22.9328109,-43.1766602
512887703,Hotel Serrano,https://www.booking.com/hotel/br/serrano-resort-convencoes-spa.pt-br.html,,Brasil,-22.9308802,-43.1804064
512889445,Hotel Pedro Américo,https://br.todosnegocios.com/pt/hotel-pedro-américo_1A,,Brasil,-22.9244917,-43.1785727
518611821,Hotel Danúbio,https://danubiohotel.com.br/,Belém,Brasil,-1.4486694,-48.4651975
529748996,Atlântico Copacabana,https://www.booking.com/hotel/br/atlantico-copacabana.pt-br.html,Rio de Janeiro,Brasil,-22.9667761,-43.1862122
529749005,Apa Hotel,https://www.booking.com/hotel/br/travel-inn-apa-pau-brasil.pt-br.html,,Brasil,-22.9665351,-43.1829688
529749016,Ibiza Copacabana Hotel,https://www.booking.com/hotel/br/ibiza.pt-br.html,,Brasil,-22.9632989,-43.1762731
529749019,Hotel Porto Bay Rio Internacional,https://www.booking.com/hotel/br/porto-bay-rio-internacional.pt-pt.html,,Brasil,-22.9663889,-43.1770799
529749029,Windsor Hotel Leme,https://windsorhoteis.com/hotel/windsor-leme/,Rio de Janeiro,Brasil,-22.9631073,-43.1696988
529749032,Real Residence Hotel,https://www.booking.com/hotel/br/real-residence-rio-de-janeiro4.html,,Brasil,-22.9607149,-43.1749285
530816188,,,,Brasil,-15.8602134,-48.9561094
530816190,,,,Brasil,-15.8642837,-48.952865
530907349,Casarão de Pedra,,,Brasil,-14.1812609,-39.3177438
534252248,Pousada Carolina,https://www.aparthotelcarolina.com/,,Brasil,-23.8114115,-45.3632778
549095630,Atlantico,,,Brasil,2.4932301,-50.9500007
550387482,Paiaguás Palace,https://www.booking.com/hotel/br/paiaguas-palace.pt-br.html,,Brasil,-15.585988,-56.0807911
550477063,Pousada Brasil,https://www.booking.com/hotel/br/pousada-brasil-sao-miguel-do-gostoso.pt-br.html,,Brasil,-2.8885146,-52.013758
551649785,Bonn Hotel,https://www.ferias.tur.br/empresa/43549/bonnhotel/,,Brasil,-3.8702053,-54.2205858
552320618,Hotel Brasil,https://www.booking.com/hotel/br/brasil-penha.pt-br.html,,Brasil,-6.2106437,-55.6283192
557558198,Fairmont Rio de Janeiro Copacabana,https://www.fairmont.com/en/hotels/rio-de-janeiro/fairmont-rio-de-janeiro-copacabana.html,,Brasil,-22.9859438,-43.189331
557558281,Atlantis Hotel Copacabana,https://atlantishotel.com.br/,,Brasil,-22.986726,-43.1921806
557558361,Augusto's Copacabana,https://www.booking.com/hotel/br/augusto-s-copacabana.pt-br.html,Rio de Janeiro,Brasil,-22.9759282,-43.1916779
557558551,Bandeirantes,,,Brasil,-22.9707403,-43.1890821
557558655,Toledo,,,Brasil,-22.9714357,-43.1855373
559645116,Dora Residence,https://www.booking.com/hotel/br/dora-residence-rio-de-janeiro.pt-br.html,Rio de Janeiro,Brasil,-22.9128806,-43.1838607
559645234,Vovó House Hotel Geriátrico,https://www.cylex.com.br/rio-de-janeiro/vovó-house-hotel-geriátrico-ltda-11068666.html,,Brasil,-22.9172701,-43.1809843
560224132,Clube de Tênis Resort,https://www.clubmed.com.br/l/resorts-all-inclusive-no-brasil,,Brasil,-15.8043458,-47.8321659
560387277,,,,Brasil,-19.9163327,-43.9364032
591763998,Hotel do Sino,https://www.hoteldosino.com.br/,,Brasil,-22.4426272,-44.5236711
591764054,,,,Brasil,-22.4642969,-44.4413128
592598087,Hotéis OK,https://www.booking.com/hotel/br/ok.pt-br.html,Rio de Janeiro,Brasil,-22.9113066,-43.1765566
619006498,Hotel Vilamar,https://www.booking.com/hotel/br/vila-mar-copacabana.pt-br.html,,Brasil,-13.0139352,-38.4770403
619006848,Real Classic Hotel,https://realclassichotel.com.br/,,Brasil,-13.0021677,-38.4519385
619051321,Praia Porto da Barra,,,Brasil,-13.0039449,-38.532771
619074874,Hotel Praia de Guarajuba,,,Brasil,-12.6509509,-38.0820373
621484477,Joalo's,https://hoteljoalos.com.br/,,Brasil,-22.8185928,-43.2007251
621484491,Sunshine,,,Brasil,-22.8203808,-43.1906309
622394403,Porto D'Aldeia,https://www.booking.com/hotel/br/porto-d-aldeia-resort.pt-br.html,,Brasil,-3.806485,-38.423018
623808608,Hotel Anchieta,https://www.belvederehotel.com.br/,,Brasil,-20.8058026,-40.6511608
633064637,,,,Brasil,-20.8341001,-40.6244838
633065782,Thanharu Praia Hotel,https://www.booking.com/hotel/br/thanharu-praia.pt-br.html,,Brasil,-20.833504,-40.6249763
635991438,Hotel Rio Lisboa,https://www.letsbookhotel.com/pt/brazil/rio-de-janeiro/hotel/hotel-rio-lisboa.aspx,,Brasil,-22.9288574,-43.1779283
640118631,Rio Jordao,,,Brasil,-19.9157679,-43.9376069
640870506,Maceió Mar Hotel,https://www.maceiomarhotel.com/,,Brasil,-9.6614055,-35.6974849
640870507,Hotel Ponta Verde,https://www.hotelpontaverde.com.br/,,Brasil,-9.6616474,-35.6971008
644421049,Hotel 7 Coqueiros,https://hotelsetecoqueiros.com.br/,,Brasil,-9.6640767,-35.7090323
644421051,Pousada Estalagem Flat,https://www.booking.com/hotel/br/flat-estalagem-11.pt-br.html,,Brasil,-9.6634404,-35.7086421
644457520,Costa Mar,https://www.letsatlantica.com.br/hotel/costa-mar-recife-hotel-by-atlantica,,Brasil,-9.6629073,-35.7028172
650842002,Hotel Müller,https://hotelmullermg.com.br/,,Brasil,-20.3758135,-43.4165795
664063912,Hotel Brooklin,https://hotelbrooklin.com.br/,,Brasil,-23.6245507,-46.6815037
666486066,Gran Estanplaza Berrini,https://gran-estanplaza.saopaulo-hotels.com/en/,,Brasil,-23.6102192,-46.6956818
679715036,Bourbon Batel Express,https://www.quetalviajar.com/hospedagem/curitiba/hotel-bourbon-batel-express.htm,,Brasil,-25.4445374,-49.2877456
704978377,Ferreira Viana,https://www.booking.com/hotel/br/ferreira-viana.pt-br.html,Rio de Janeiro,Brasil,-22.9268437,-43.1758703
704992216,Caxambú,,Rio de Janeiro,Brasil,-22.9280591,-43.174687
704992217,Mengo Palace,https://www.booking.com/hotel/br/mengo-palace.pt-br.html,Rio de Janeiro,Brasil,-22.9282864,-43.1751483
716375960,Pousada Fazenda,,Camaçari,Brasil,-12.7760033,-38.1810984
716376359,Tubarão Junior,https://norestedebrasilhoteis.com/br/hotel-tubarao-jr-camacari/,Camaçari,Brasil,-12.7747189,-38.1792247
717421770,Hotel Sonaglio,https://guiadeagenciasdeviagens.com.br/sc/hotel-sonaglio-whatsapp-reserva-promocao-ferias-hospedagem-sao-cristovao-papanduva-128111,,Brasil,-26.3952818,-50.1630225
725845319,Pousada Vilamar,https://www.booking.com/hotel/br/pousada-vilamar-imbituba.pt-br.html,,Brasil,-12.7718722,-38.1768372
740241355,Hotel Canto do Mar,https://www.booking.com/hotel/br/pousada-e-spa-canto-do-mar.html,,Brasil,-12.658703,-38.0778406
745720893,Pousada dos Franceses,,,Brasil,-23.5589373,-46.6478001
768054622,Mar Azul,https://www.booking.com/hotel/br/tambau-flat-mar-azul.pt-br.html,Joao Pessoa,Brasil,-7.1082058,-34.8261584
772835780,Pousada O Ninho,https://www.booking.com/hotel/br/pousada-o-ninho.pt-br.html,,Brasil,-13.0084013,-38.5287551
772835784,Pousada Papaya Verde,https://www.booking.com/hotel/br/pousada-papaya-verde.html,,Brasil,-13.0078351,-38.5288918
772835795,Barra Praia Hotel,https://www.booking.com/hotel/br/pousada-na-praia-cajueiro-da-praia.pt-br.html,,Brasil,-13.0095622,-38.5307618
809990973,Pousada La Dolce Vita,https://www.booking.com/hotel/br/la-dolce-vita.pt-br.html,Ilhéus,Brasil,-14.835478,-39.025637
811610075,Tivoli,https://www.tivolihotels.com/en/brazil,,Brasil,-12.5800734,-38.0136261
811610156,Holiday Inn,https://www.ihg.com/holidayinn/hotels/us/en/natal/natar/hoteldetail,,Brasil,-12.9851369,-38.4427834
812000698,Beach Class Suites,https://www.trivago.com/en-US/oar/hotel-beach-class-suites-recife?search=100-4380508,,Brasil,-8.1083737,-34.8887999
813190369,Pousada Pomar da Pipa,https://www.booking.com/hotel/br/pousada-pomar-da-pipa.pt-br.html,,Brasil,-6.2305764,-35.0498394
815566819,Hotel Tijuca,,,Brasil,-22.9229216,-43.2300856
817894669,Pousada da Trilha,https://www.booking.com/hotel/br/pousada-da-trilha.pt-br.html,Monte Verde,Brasil,-22.8625098,-46.0430797
819332299,Éden Motel,https://edenmotel.com.br/,,Brasil,-22.9252196,-43.2308274
819646440,Hotel Saionará,https://saionarahotel.com.br/,,Brasil,-22.9116781,-43.2133499
819646538,Hotel Málaga,https://hotelmalaga.com.br/,,Brasil,-22.912694,-43.2138045
831977849,Tropical Manaus,https://tropical-ecoresort.manaus-hotels.com/en/,,Brasil,-3.0623612,-60.1078773
840700164,Park's,,,Brasil,-23.6013159,-46.6447029
846529456,Hotel Aruba,https://www.marriott.com/en-us/hotels/auabr-renaissance-wind-creek-aruba-resort/overview/,,Brasil,-25.4335511,-49.2609131
849022735,Hotel Geneviee,http://hotelgeneviee.com.br/,,Brasil,-25.0937047,-50.1635167
851518119,,,,Brasil,-30.0305918,-51.2336703
860698534,,,,Brasil,-25.3716803,-49.1348998
868514906,,,,Brasil,-29.6382264,-51.4053891
892104234,Mercure Apartments São Paulo Excellence,https://mercure-apartments-excellence.allsaopaulohotels.com/pt/,São Paulo,Brasil,-23.5572474,-46.6757033
895785987,Hotel Bahia Sol e Mar,https://www.booking.com/hotel/br/bahia-sol-e-mar.html,,Brasil,-13.010146,-38.511046
898096844,Hotel ibis Guarulhos,https://all.accor.com/hotel/5021/index.pt-br.shtml,Guarulhos,Brasil,-23.472989,-46.5323178
898096851,Mercure Guarulhos Aeroporto Hotel,https://all.accor.com/hotel/3637/index.pt-br.shtml,Guarulhos,Brasil,-23.4733285,-46.5320273
912087644,Perola do Porto,https://www.booking.com/hotel/br/pousada-perola-do-porto.pt-br.html,,Brasil,-8.4998343,-35.004206
914639098,São Jorge,,,Brasil,-22.9156626,-43.1872996
937595961,,,,Brasil,-13.0097778,-38.5089727
951525082,Leão da montanha,,,Brasil,-22.724426,-45.5655402
955073029,Hotel Castel,https://www.hotelcastel.com.br/,,Brasil,-29.8934063,-51.1700826
966766888,Hotel Alexandre,https://hotelalexandre.com.br/,,Brasil,-30.9839226,-54.6754039
973120939,Pousada Vivenda das Bromélias,https://br.trip.com/hotels/ilha-grande-hotel-detail-9294900/pousada-vivenda-das-bromlias/,,Brasil,-23.1431815,-44.1685183
982857113,Casa Forte,,,Brasil,-12.7792543,-39.5182527
982859827,Estalagem Serra da Jiboia,,,Brasil,-12.7716558,-39.5218179
985265037,Hotel Bonaparte Bluepoint,https://bonaparte-bluepoint-hotel.brasiliatophotels.com/pt/,,Brasil,-15.7954715,-47.88913
986180118,Accácio,,,Brasil,-22.0158807,-47.8909399
989228269,Hotel Garuva,https://www.booking.com/hotel/br/pousada-mare-mansa-garuva.pt-br.html,,Brasil,-26.0294092,-48.8595165
990234403,Hotel Princesa Dos Vales,https://www.booking.com/hotel/br/princesa-dos-vales.pt-pt.html,,Brasil,-28.933711,-51.5517806
992760536,Hotel Palmeiras,https://hotelpalmeiras.com.br/hotel/,,Brasil,-25.3773627,-52.3966366
994578458,Bristol,,,Brasil,-19.9330511,-43.9267851
1007268968,JW Marriot Hotel,https://www.marriott.com/pt-br/hotels/riomc-jw-marriott-hotel-rio-de-janeiro/overview/,Rio de Janeiro,Brasil,-22.9725439,-43.1858029
1014565413,O Leão,,,Brasil,-10.4083909,-36.4331603
1014565450,Parque dos Coqueiros,,,Brasil,-10.3457357,-36.3028029
1014565552,Portal Pousada,https://www.booking.com/hotel/br/pousada-portal-sapso-pedro.pt-br.html,,Brasil,-10.4071366,-36.4315172
1015224949,,,,Brasil,-28.3868866,-49.5025696
1017309563,Pousada Simone,,,Brasil,-29.0473659,-50.1440868
1024945288,Pousada Avenida,https://www.booking.com/hotel/br/pousada-naan.pt-br.html,,Brasil,-9.7496413,-37.4353383
1027299063,Chacara Aconchego,,,Brasil,-9.623297,-37.7390923
1027299081,Pousada Trilha do Velho Chico,https://www.booking.com/hotel/br/pousada-trilha-do-velho-chico.pt-br.html,,Brasil,-9.6255596,-37.7615247
1027302197,Chacara das Chaves,,,Brasil,-9.6261721,-37.7560005
1027421917,Cesa,,,Brasil,-28.7456563,-50.0600397
1029934675,Hotel Fazenda Flamboyant,https://hotelflamboyant.com.br/fazenda/,,Brasil,-20.5366647,-40.4529097
1031943604,Ponta Grossa Plaza Hotel,https://www.booking.com/hotel/br/ponta-grossa-plaza.pt-br.html,,Brasil,-25.094387,-50.1584938
1037676808,Pousada 12 Cabanas,https://www.booking.com/hotel/br/pousada-doze-cabanas.pt-br.html,,Brasil,-9.1233694,-35.2735142
1037676957,Bitingui Praia Hotel,https://bitinguipraiahotel.com/pt/,,Brasil,-9.1095047,-35.2661388
1037677069,Pousada Casas Belas,https://www.booking.com/hotel/br/pousada-belas-casas-sao-pedro.pt-br.html,,Brasil,-9.1531037,-35.2892884
1037677130,Hotel Pousada dos Mares,https://www.booking.com/hotel/br/pousada-encanto-dos-mares.pt-br.html,,Brasil,-9.0903935,-35.2586246
1037677245,Pousada do Alto,https://hoteisdeluxobrasil.com.br/hotel/pousada-do-alto/,,Brasil,-9.0990057,-35.2595539
1037677363,Pousada Sol Mar,https://www.booking.com/hotel/br/sol-mar-pousada.pt-br.html,,Brasil,-9.0904495,-35.2582641
1037677675,Pousada e Restaurante São Geraldo,,,Brasil,-9.1570505,-35.2962863
1037677785,Pousada Caiuia,https://www.booking.com/hotel/br/estalagem-caiuia.pt-br.html,,Brasil,-9.1064826,-35.2634116
1037677842,Albacora Hotel,https://www.booking.com/hotel/br/albacora-praia.pt-br.html,,Brasil,-9.0928649,-35.2588873
1037677895,Pousada do Sonho,https://www.booking.com/hotel/br/pousada-do-sonho.pt-br.html,,Brasil,-9.2391321,-35.3449628
1037678009,Costa dos Corais,,,Brasil,-9.2380279,-35.3454482
1037678039,Pousada do Toque,https://www.roteirosdecharme.com.br/hotel/pousada-do-toque/,,Brasil,-9.2514651,-35.3641849
1037678285,Pousada Raio de Sol,https://www.booking.com/hotel/br/pousada-raio-de-sol-pocoes.pt-br.html,,Brasil,-9.0914156,-35.2585388
1037678301,Pousada Vila de Taipas,https://www.booking.com/hotel/br/pousada-vila-de-taipa.pt-br.html,,Brasil,-9.1247471,-35.2785509
1037807369,,,,Brasil,-12.9785879,-38.4669087
1039173488,Antonio's Palace,https://www.trivago.com/en-US/oar/antonio-s-palace-hotel-piracicaba?search=100-1797427,,Brasil,-22.7248671,-47.6339991
1040115113,Hotel Orotour,https://orotour-garden.hotelcamposdojordao.com/br/,,Brasil,-22.719625,-45.5907433
1071064637,Hotel Mercure,https://mercure-sao-paulo-nacoes-unidas.topsaopaulohotels.com/en/,,Brasil,-19.9392021,-43.9319285
1078645367,,,,Brasil,-28.7574507,-51.4735734
1079021365,Salto Grande Fazenda Hotel,https://www.hotelfazendasaltogrande.com.br/,,Brasil,-21.8055215,-48.2168556
1082049301,,,,Brasil,-28.7573169,-51.473717
1087412327,Royal Golden Hotel,https://royal-golden.belohorizontehotels.net/en/,,Brasil,-19.9345169,-43.9315874
1087412353,Flamboyant Home Service,https://brazilhotelreviews.blogspot.com/2013/03/clan-le-flamboyant-home-service-brazil.html,,Brasil,-19.9342385,-43.9315367
1100099281,Hotel Canariu's,http://hotelcanarius.com.br/,,Brasil,-8.3317613,-34.9512664
1117588791,Pousada Cristina,,,Brasil,-10.9312,-37.0161384
1117864425,Porto Praia Hotel,https://www.booking.com/hotel/br/na-praia-porto-seguro1.pt-br.html,,Brasil,-10.9446071,-37.0320064
1117890839,Pousada Recanto,https://www.booking.com/hotel/br/qavi-recanto-nalu.pt-pt.html,,Brasil,-10.9464424,-37.0306055
1117984696,Pousada Litorânea,https://www.booking.com/hotel/br/pousada-litoranea-sao-luis.pt-br.html,,Brasil,-10.7346312,-36.8458379
1120435628,Hotel Londrina,https://www.hotellondrina.com/,,Brasil,-12.2595521,-38.9591199
1128129974,Hotel Express,https://www.booking.com/hotel/br/paraiso-natal-express.pt-br.html,,Brasil,-29.9212528,-51.177748
1128194761,,,,Brasil,-25.2179157,-48.0398366
1145453567,Feira Plaza Hotel,https://www.decolar.com/hoteis/h-483097/feira-plaza-hotel-feira+de+santana,,Brasil,-12.2590714,-38.9644299
1145453591,Hotel Presidente Dutra,https://eguias.net/empresa/hotel-brasil/presidente-dutra/ma/1250172,,Brasil,-12.2595365,-38.9598325
1153574019,Windsor Barra,https://windsorhoteis.com/hotel/windsor-barra/,,Brasil,-23.0114386,-43.3217887
1158382531,,,,Brasil,-7.8206205,-34.8478391
1160592083,,,,Brasil,-29.840947,-51.1758833
1162985528,,,,Brasil,3.8490627,-51.8319256
1166091339,Hotel Beira Mar,https://www.hotelbeiramar.com/en/hotel.php,,Brasil,-10.9883097,-37.048645
1171310547,Magnus Hotel,https://motelmagnus.com.br/,,Brasil,-11.2482461,-37.4343498
1171310609,Panorâmico,https://www.booking.com/hotel/br/ape-panoramico.html,,Brasil,-11.2360996,-37.4294485
1179523554,Onix Hotel,https://www.booking.com/hotel/br/anix.pt-br.html,,Brasil,-22.6616801,-50.4047854
1179523585,HD Plaza Hotel,https://www.hdhoteis.com.br/hd-plaza-hotel-em-assis-sp,,Brasil,-22.6613088,-50.4044367
1206922847,Four Points by Sheraton,https://four-points.marriott.com/hotel-directory/,,Brasil,-22.4012202,-41.7944372
1232303261,Palace Hotel,,,Brasil,-21.7521762,-41.3273254
1232303284,Alameda Inn,https://www.booking.com/hotel/br/alameda-inn-campos-dos-goytacazes4.pt-br.html,Campos dos Goytacazes,Brasil,-21.7650521,-41.331524
1240904993,Augustus,,,Brasil,-19.9374111,-43.9445779
1243233052,Hotel Jequitinhonha,,,Brasil,-18.2402979,-43.6178475
1246515473,Hotel Economico,,Canoas,Brasil,-29.9211653,-51.1777415
1269971503,Hotel Dan Inn,https://www.nacionalinn.com.br/hotel/71/dan-inn-mar-grande-recife,,Brasil,-25.4276595,-49.2652114
1269971504,Mabu Curitiba Business,https://www.booking.com/hotel/br/mabu-royal-premium.pt-br.html,,Brasil,-25.4290394,-49.2658897
1278210189,Pousada Kainoa,https://www.booking.com/hotel/br/pousada-kainoa.pt-br.html,,Brasil,-25.5721012,-48.3154939
1305979386,,,,Brasil,-21.1074349,-44.0250095
1305979389,Hotel Gervan,https://www.listamais.com.br/local/cad_idf57QB7/gervan-hotel-hotel-em-dores-de-campos-mg,,Brasil,-21.1080154,-44.0253045
1326409438,Hotel Atlântico Business Centro,https://www.booking.com/hotel/br/atlantico-business.pt-br.html,Rio de Janeiro,Brasil,-22.9113569,-43.1769281
1328770979,,,,Brasil,-14.1975344,-41.6624772
1341763961,Pousada Vila dos Ipês,,,Brasil,-13.7884244,-47.4546627
1341770577,Pousada Sol da Chapada,https://www.zenhotels.com/hotel/brazil/cavalcante/mid8268959/pousada_sol_da_chapada_/,,Brasil,-13.7993018,-47.4560734
1342150885,Chácara Cavalcante,,,Brasil,-13.778578,-47.4586165
1348241694,Pousada Brumado,https://www.booking.com/hotel/br/pousada-brumado.pt-br.html,,Brasil,-14.2144306,-41.6815648
1354986324,Coqueiro,,,Brasil,-31.2361789,-51.9998937
1354986325,Hotel Coqueiro,https://coqueiroparchotel.com.br/,,Brasil,-31.2364946,-51.9996899
1362731022,Hotel Jandaia,https://www.hoteljandaia.com/,,Brasil,-30.8937734,-55.5360018
1367317667,Recanto das Pedras,,,Brasil,-30.898183,-55.5138574
1373292310,Pousada Corais de Carapibus,https://www.booking.com/hotel/br/pousada-corais-de-carapibus-conde.html,,Brasil,-7.2939158,-34.8015877
1373292311,Aruanã Pousada,https://www.booking.com/hotel/br/pousada-aruana-soure.pt-br.html,,Brasil,-7.3028745,-34.7997986
1373292515,Pousada das Cores,https://www.booking.com/hotel/br/pousada-cores.pt-br.html,,Brasil,-7.301021,-34.7997915
1375797247,,,,Brasil,-29.9102088,-51.1767191
1386599999,Gran Continental Hotel Taubaté,https://www.grancontinentalhotel.com.br/,,Brasil,-23.0349587,-45.5701864
1399873108,Pousada Vila Irene,https://hotel.express/hotels/br/natal-rio-grande-do-norte/pousada-villa-irene-256361,,Brasil,-5.8726057,-35.1817332
1411279733,Rio's Hotel,https://hikersbay.com/southamerica/brazil/hotel/br/lode-nan.html?lang=en,,Brasil,-22.9072636,-43.1815853
1415565913,Caravela Pousada,https://www.booking.com/hotel/br/cama-e-cafe-caravela.pt-br.html,,Brasil,-23.8209841,-45.3740237
1423500397,Hotel Avelan,https://www.booking.com/hotel/br/avelan-plaza.pt-br.html,,Brasil,-10.2205297,-37.4219333
1423565943,Hotel Canindé,https://www.hotel.com.br/hoteis-em-caninde-de-sao-francisco.html,Canindé de São Francisco,Brasil,-9.666412,-37.7936817
1423984941,Parada 116,,,Brasil,-27.8167959,-50.372546
1428293760,Hotel Village Inn,https://www.nacionalinn.com.br/hoteis/hotel-village-inn-pocos-de-caldas,,Brasil,-21.8115151,-46.5568138
1428349981,Corsário Praia Hotel,https://www.hotelcorsario.com.br/,,Brasil,-12.9762568,-38.4225875
1430172849,Hotel Fazenda Parque Praia Vila Guaiamu,https://www.morrodesaopaulocatamara.com/post/hotel-vila-guaiamu,,Brasil,-13.3873507,-38.9127277
1441065249,Hotel Municipal de Serra,,,Brasil,-3.5639641,-41.0926196
1445850265,Canaville Design Hotel,https://canaville-design.hotelsinsalvador.com/en/,,Brasil,-12.9128573,-38.3626056
1448571197,Pousada do Guerreiro,https://www.booking.com/hotel/br/chales-do-guerreiro.pt-br.html,,Brasil,-12.6043648,-38.9635007
1449086711,Parque Hotel Morro Azul,https://parquehotelmorroazul.com.br/,,Brasil,-22.4755777,-43.5819161
1453300939,Natur Campeche,https://www.booking.com/hotel/br/natur-campeche.pt-br.html,,Brasil,-27.683755,-48.4905866
1460570792,Pousada Brisa Mar,,,Brasil,-10.9906937,-37.0512654
1460570795,Hotel Águas Marinhas,https://www.booking.com/hotel/br/agua-marinha-flat.pt-br.html,,Brasil,-10.9934026,-37.0524102
1460570798,M&D Hotel e Turismo,https://br.trip.com/hotels/aracaju-hotel-detail-23005151/md-hotel/,Aracaju,Brasil,-10.9904642,-37.0511013
1468832047,Pousada Carumbé,,,Brasil,-20.4713675,-43.5191029
1473637668,,,,Brasil,-25.5186137,-54.5572456
1474198031,Hotel Suiça,https://www.booking.com/hotel/br/vila-suica-1818.pt-br.html,,Brasil,-25.549164,-54.5525954
1484083714,Hotel Goitacaz,https://eguias.net/empresa/hotel-goitacaz/itapetinga/ba/1247467,Itapetinga,Brasil,-15.2456885,-40.2489621
1484083715,Hotel Morumbi,https://morumbi.topsaopaulohotels.com/pt/,,Brasil,-15.2520622,-40.258114
1484083716,Restaurante Nonô e Pousada,,,Brasil,-15.2460157,-40.2468647
1487938125,Monte Pascoal,,,Brasil,-13.009141,-38.5265699
1491766178,Hotel Tirol,https://www.hoteltirol.com.br/,,Brasil,-29.4692296,-51.8111627
1494311667,Guaíra Palace Hotel,https://www.booking.com/hotel/br/palace-guaira.html,,Brasil,-25.4360573,-49.2751148
1497215549,Pousada Praia do Flamengo,https://www.booking.com/hotel/br/pousada-praia-do-flamengo-salvador-bahia.pt-br.html,,Brasil,-12.9272853,-38.3211493
1498826213,Mansoori I Apart Hotel,https://melhorespousadas.tur.br/df/brasilia/mansoori-apart-hotel-i,,Brasil,-15.7448091,-47.8975631
1498827057,Maissuri Apart Hotel,https://www.booking.com/hotel/br/maissuri-apart-brasilia.pt-br.html,,Brasil,-15.7451215,-47.8977696
1507675634,Pousada Terraço,https://www.booking.com/hotel/br/pousada-terraasso-penedo.pt-br.html,,Brasil,-12.9610634,-38.4016536
1510582544,Pousada Crasto,,,Brasil,-11.3977109,-37.4113588
1510781030,Lagoa Beach,,,Brasil,-2.8809624,-39.9092284
1511583850,Dom Pedro I Palace Hotel,https://www.hoteldompedro.com.br/,,Brasil,-25.5621587,-54.5592656
1511583870,Hotel San Juan,https://sjhoteiseresort.com.br/,,Brasil,-25.5900712,-54.5166533
1511583894,Hotel Viale Cataratas,https://www.booking.com/hotel/br/viale-cataratas.html,,Brasil,-25.5614691,-54.56187
1511583905,Hotel Gran Via,https://gran-via.veracruz-hotels.com/br/,,Brasil,-25.5618889,-54.5612638
1516521676,Redebeach Resort,https://www.booking.com/hotel/br/rede-beach-resort-spa.html,,Brasil,-3.2396088,-39.2321665
1528679877,Floresta Amazônica,,,Brasil,-9.8780936,-56.0975354
1543601217,Hotel Cambraia,https://cambraia.minas-gerais-hotels.com/pt/,,Brasil,-10.3146589,-36.5788445
1552088994,Hotel Charrua,https://www.charruahotel.com.br/,,Brasil,-29.7134031,-52.4275854
1553137305,São Sebastião da Praia,,,Brasil,-27.6762812,-48.484824
1562841019,Pousada Os Girassóis,https://www.booking.com/hotel/br/pousada-dos-girassois.pt-br.html,,Brasil,-14.2087895,-41.6719091
1566435880,Venceslau Hotel,https://www.trivago.com.br/pt-BR/oar/hotel-venceslau-presidente-venceslau?search=100-2369104,,Brasil,-21.8733941,-51.8442647
1566435883,Campus Hotel,https://naniihotel.com.br/,,Brasil,-21.8738671,-51.8439751
1566435889,,,,Brasil,-21.8748876,-51.8487226
1569119619,,,,Brasil,-7.4926746,-36.6570273
1579981935,,,,Brasil,-29.7586078,-57.0721702
1579981937,,,,Brasil,-29.7586078,-57.0721648
1580098755,Pousada RK,https://www.booking.com/hotel/br/pousada-naan.pt-br.html,,Brasil,-30.2649951,-52.8494098
1581723709,Mosquito Blue,https://www.booking.com/hotel/br/mosquito-blue-jericoacoara.pt-pt.html,,Brasil,-2.7951479,-40.5178091
1593034682,Hotel Del Rey,https://www.pousadas.vip/sobre/hotel-del-rey-itapetinga-ba,Itapetinga,Brasil,-15.2455082,-40.2477811
1602433185,Hotel Olimpia;Igreja Adventista,https://www.hotelolimpia.org/en/,,Brasil,-15.868994,-47.9634249
1608045718,Hotel Recanto dos Pinheirais,https://www.informecadastral.com.br/cnpj/hotel-recanto-dos-pinheirais-ltda-04332985000103,,Brasil,-25.0437472,-51.538659
1609407441,Hotel Sonotel,https://sonotel-glicerio.allsaopaulohotels.com/pt/,,Brasil,-22.9021889,-47.0609982
1610865047,Radar Palace Hotel,https://www.booking.com/hotel/br/radar-palace-cacule.html,,Brasil,-14.4951328,-42.2232699
1610867544,Pousada W3,https://www.hotelinsite.com.br/hoteis.php?id=32201&cidade=brasilia-DF,,Brasil,-14.4971802,-42.2239098
1619514102,Hotel Eldorado,https://hoteleldoradoaparecida.com.br/,,Brasil,-14.5005576,-42.2233974
1622921779,Cambuí Hotel Residence,https://cambui-residence-campinas.hotelsincampinas.com/br/,Campinas,Brasil,-22.8940591,-47.0585601
1623096109,Hotel Meridien,https://www.booking.com/hotel/cn/le-meridien-chongqing-nan-an.pt-br.html,,Brasil,-20.7552324,-42.8780297
1623096136,Classe A Apart Hotel,https://www.booking.com/hotel/br/class-apart.pt-br.html,,Brasil,-20.7533162,-42.8781048
1625555610,,,,Brasil,-24.7281465,-53.7412069
1625555871,Hotel Vila Verde,https://www.vilaverdehotel.com.br/,,Brasil,-24.7290382,-53.7391604
1625561991,Hotel Maestro,https://hoteismaestro.com.br/detalhes-hotel/1/maestro-executive-hotel,,Brasil,-24.7197236,-53.7363975
1627791354,Hotel Santa Clara,https://santaclarahotel.com.br/,,Brasil,-29.6168894,-54.1774358
1627792288,Hotel Cavalo Branco,https://motelcavalobranco.com.br/,,Brasil,-29.6866786,-54.6753557
1640449319,Hotel Mineiro,https://hotelfazendaranchomineiro.com.br/,,Brasil,-19.9808746,-49.6802787
1640449320,Pousada Rio Grande,https://www.booking.com/inns/city/br/rio-grande-br-2.pt-br.html,,Brasil,-19.9799667,-49.6842859
1643661850,Canto das Águas,https://www.booking.com/hotel/br/canto-das-aguas.pt-br.html,,Brasil,-12.5614019,-41.3881669
1643721959,Portal de Lençóis,https://www.booking.com/hotel/br/portal-lencois.pt-br.html,,Brasil,-12.565193,-41.3948693
1651813505,Hotel Vitória,https://www.piervitoriahotel.com.br/,,Brasil,-19.9145676,-43.9403217
1654819146,Pousada Velho Teu,https://www.booking.com/hotel/br/velho-bateau.pt-br.html,,Brasil,-11.2118727,-37.2032184
1657929198,Pousadinha,https://www.booking.com/hotel/br/pousada-naan.pt-br.html,,Brasil,-18.262021,-39.6451158
1658284565,Pousada Porto da Ilha,https://www.booking.com/hotel/br/porto-da-ilha.pt-br.html,,Brasil,-18.7467097,-39.7487017
1659091256,Tauana Hotel,https://www.trivago.com.br/pt-BR/oar/hotel-tauana-prado?search=100-2053790,,Brasil,-16.9610538,-39.1565153
1661232214,Gran Hotel Morada do Sol,https://gran-morada-do-sol.allsaopaulohotels.com/en/,,Brasil,-21.7952715,-48.1760279
1661232600,Novo Hotel Municipal,https://www.booking.com/hotel/br/novo-municipal-araraquara.html,,Brasil,-21.7937833,-48.1751772
1665859461,,,,Brasil,-21.7882353,-46.5703123
1665859596,,,,Brasil,-21.7847523,-46.5704277
1665859636,Pousada Central,https://pt-br.planetofhotels.com/brasil/jaragua-do-sul/pousada-central-nany,,Brasil,-21.7853566,-46.5643699
1665860309,,,,Brasil,-21.7850157,-46.5680557
1668155101,Hotel Presidente,https://hotelpresident.com.br/,,Brasil,-18.9212592,-48.2778076
1671936877,Casa Grande,,,Brasil,-12.4931686,-37.9624946
1671936912,Pousada Keçaba,https://www.booking.com/inns/city/br/imbassai.pt-br.html,,Brasil,-12.4924904,-37.960635
1671985297,Hotel Pousada Imbassaí,https://hotelpousadaimbassai.com.br/,,Brasil,-12.4969337,-37.9647268
1671985314,Pousada Entre as Águas,https://www.booking.com/hotel/br/pousada-entre-as-aguas.pt-br.html,,Brasil,-12.4963521,-37.9583353
1673241990,Vilangelim Eco Pousada,https://www.booking.com/hotel/br/vilangelim-eco-pousada.pt-br.html,,Brasil,-12.4966776,-37.9640735
1673263659,Pousada Sítio da Fonte,https://www.trivago.com.br/pt-BR/oar/hotel-pousada-sítio-da-fonte-imbassai?search=100-6430726,,Brasil,-12.4963619,-37.9683028
1673263684,Floresta de Imbassaí Chalés Residence,,,Brasil,-12.498931,-37.9681481
1673825676,Hotel Karajas,https://www.booking.com/hotel/br/karajas.pt-br.html,,Brasil,-17.309598,-53.2206097
1682706745,Scala,,,Brasil,-16.720262,-43.869237
1683189520,Caesar Bussiness,https://all.accor.com/hotel/8944/index.en.shtml,,Brasil,-19.9765292,-43.9463271
1685869071,Planalto Bittar Hotel,https://planaltobittarhotel.com.br/site/,,Brasil,-15.793644,-47.889173
1685869083,Econotel,https://www.booking.com/hotel/br/econotel.html,,Brasil,-15.7934894,-47.8896019
1685869092,Brasília Imperial Hotel,https://www.booking.com/hotel/br/brasilia-imperil.pt-br.html,,Brasil,-15.7948467,-47.8899079
1685869093,Riviera Hotel Empresarial,https://www.rivierabrasiliahotel.com.br/,,Brasil,-15.7954455,-47.8897362
1685869095,Naoum Express Hotel,https://www.booking.com/hotel/br/naoum-express-brasilia.en-gb.html,,Brasil,-15.79527,-47.8901815
1688034510,Pousada Paraíso é Aqui,https://www.booking.com/hotel/br/o-paraiso-e-aqui-caravelas-caravelas.pt-br.html,,Brasil,-10.6597535,-36.7838466
1693148102,Hotel Oriente,https://oriente.hotelmanaus.net/,,Brasil,-23.4074872,-53.3638919
1695485019,Hotel AeroPark,https://www.booking.com/hotel/br/aero-park.pt-br.html,,Brasil,-23.3255073,-51.1407204
1707851902,Hotel Rotta,https://rottahoteltga.com.br/,,Brasil,-27.9049988,-55.1392105
1707851920,Farol,http://www.hotelfarolpx.com.br/,Porto Xavier,Brasil,-27.9098906,-55.1379021
1710532583,Hotel Viturino,https://viturino.caldasnovashotels.com/pt/,,Brasil,-17.7444044,-48.6180947
1710752772,Tayo Thermas Hotel,https://hoteltaiyo.com.br/,,Brasil,-17.737858,-48.633122
1710752790,Privé Thermas Hotel,https://www.booking.com/hotel/br/prive.pt-br.html,Caldas Novas,Brasil,-17.738504,-48.6294574
1710752792,,,,Brasil,-17.7347017,-48.6242584
1712846868,The Plaza Residence Service,https://www.booking.com/hotel/br/the-plaza-residence-service.html,,Brasil,-13.0099904,-38.5089439
1712896986,Pousada Paranhana,https://pousada-paranhana.riograndedosulhotels.net/br/,,Brasil,-29.5008056,-50.7773408
1713244302,Cavalo Marinho,,,Brasil,-23.445584,-45.0682559
1717399596,,,,Brasil,-23.4484349,-45.0706932
1719975227,Vila Parreiras,,,Brasil,-12.260453,-38.9489591
1721362647,Hotel Coroados,https://www.booking.com/hotel/br/coroados-foz-express.pt-br.html,,Brasil,-28.7859079,-51.6087269
1721379598,Pousada,https://www.booking.com/hotel/br/pousada-naan.pt-br.html,,Brasil,-28.7924239,-51.6083193
1723187178,SindHotel,https://sinhotel.org.br/,,Brasil,-32.0290133,-53.3936378
1724543897,Hotel Continental,https://www.continentalinn.com.br/,,Brasil,-3.0745507,-60.0053938
1724796909,,,,Brasil,-7.8966446,-36.0591408
1727203458,Mercure,https://all.accor.com/hotel/3135/index.pt.shtml,,Brasil,-13.0154323,-38.4850682
1729706881,Park Hotel,https://www.parkhotelbrasilia.com/en/,,Brasil,-16.0501235,-47.98224
1731713186,Hotel Diplomata,https://www.booking.com/hotel/br/diplomat.pt-br.html,,Brasil,-3.1345114,-60.0248503
1735273907,Pousada Villa Campestre,https://www.booking.com/hotel/br/pousada-villa-campestre.pt-br.html,Santo Antônio do Pinhal,Brasil,-22.8003737,-45.6998407
1736638479,Pousada das Brumas,https://www.booking.com/hotel/br/pousada-das-brumas-brumadinho1.pt-br.html,,Brasil,-20.1871858,-44.0099315
1737752610,Colonna Galapagos Hotel,https://www.booking.com/hotel/br/colonna-galapagos-othon-classic.html,,Brasil,-22.7398408,-41.8721887
1743572839,,,,Brasil,-22.9085518,-43.1080416
1744251422,Hotel Macapá,https://maismacapa.com.br/hotel/,,Brasil,0.0352956,-51.0488888
1744444390,Italian Palace Hotel,http://www.hotelitalian.com.br/,,Brasil,-11.8547288,-55.4992121
1745610217,Hotel Cancioneiro,https://www.booking.com/hotel/br/cancioneiro.pt-br.html,,Brasil,-11.8770759,-55.4998961
1746255488,Megare Motel,https://www.booking.com/hotel/br/megara.pt-br.html,,Brasil,-22.894543,-43.296601
1746270746,Novotel,https://all.accor.com/hotel/B205/index.pt-br.shtml,,Brasil,-3.1294124,-59.9837853
1746270783,Comfort Hotel,https://www.booking.com/hotel/br/comfort-manaus.pt-br.html,,Brasil,-3.1324923,-59.9832529
1746671819,Eco Pousada Miriti,https://www.booking.com/hotel/br/ecopousada-miriti.pt-br.html,Belém,Brasil,-1.4550514,-48.4955119
1748782688,Eldorado Inn,https://www.booking.com/hotel/br/eldorado-inn.pt-br.html,,Brasil,-12.2665347,-38.9425259
1750568901,Hotel Bandeirantes,https://www.instagram.com/hotelbandeirantesjere/,Jeremoabo,Brasil,-10.0694114,-38.3511543
1750580790,,,,Brasil,-10.0724539,-38.341098
1751007443,Pousada,https://www.booking.com/hotel/br/pousada-naan.pt-br.html,,Brasil,-10.0687209,-38.3516748
1751011620,Hotel Senhor do Bonfim,,,Brasil,-10.0727554,-38.3489924
1751777211,Ibis Styles Curitiba Shopping,https://ibis.accor.com/pt-br/destination/city/hotels-curitiba-v6092.html,Curitiba,Brasil,-25.4386614,-49.2779418
1751779129,Blue Tree Towers Curitiba,https://blue-tree-towers.curitiba-hotels-br.com/en/,,Brasil,-25.4370497,-49.2768627
1751854128,Pousada do Pedro,https://www.booking.com/inns/city/br/sao-pedro-br.pt-br.html,,Brasil,-10.0671461,-38.35039
1755070539,,,,Brasil,-19.9238056,-43.937017
1756209200,Doce Lar Hospedaria,https://www.booking.com/hotel/br/doce-lar-hospedaria.pt-br.html,,Brasil,-12.5662578,-41.3869121
1756209801,Pousada da Fonte,https://www.booking.com/hotel/br/pousada-lenassa3is.pt-br.html,,Brasil,-12.5597758,-41.3927628
1756216820,Discover Chapada GuestHouse,,,Brasil,-12.5636608,-41.3859272
1757823619,Classe Apart Hotel,https://www.booking.com/hotel/br/class-apart.pt-br.html,,Brasil,-12.2567372,-38.953886
1759229897,Pousada Kalilândia,http://www.hotelkalilandia.com.br/,,Brasil,-12.2510947,-38.9571331
1763675551,Hotel Alpina,https://www.booking.com/hotel/br/alpina.pt-br.html,,Brasil,-22.393996,-42.9869909
1763728436,Pousada Acalanto,https://www.acalantoinn.com.br/,,Brasil,-11.0175365,-37.0744905
1766069219,Pousada Recanto dos Pássaros,https://www.booking.com/hotel/br/pousada-recanto-dos-passaros-paraty1.pt-br.html,,Brasil,-23.4017314,-45.1192374
1766414045,Pousada Recanto da Serra,https://www.booking.com/hotel/br/pousada-recanto-da-serra-santana-do-riacho.pt-br.html,,Brasil,-22.443284,-42.978956
1767523520,Novo Hotel,https://www.traveloka.com/en-en/hotel/china/novo-hotel-9000005578185,,Brasil,-19.2766062,-44.4049552
1767725915,Pousada Chamonix,https://www.booking.com/hotel/br/pousada-chamonix-teresopolis1.pt-br.html,,Brasil,-22.4391594,-42.9842102
1770155525,Pousada Beira Mar,,,Brasil,-23.4577827,-45.0586516
1770155527,Pousada dos Suricatos,,,Brasil,-23.4620595,-45.0605446
1770155889,,,,Brasil,-23.4528454,-45.0640446
1770545679,Nóbrega Hotel,https://www.nobregahotel.com.br/reservas/,,Brasil,-23.6242378,-46.6619092
1770545683,Ibis,https://all.accor.com/hotel/9452/index.pt-br.shtml,,Brasil,-23.6247946,-46.6622169
1770591820,Vogue Hotel,https://www.voguefashionhotel.com.br/,,Brasil,-22.8011634,-43.3504679
1774210835,Hotel Central,https://www.reservations.com/hotel/hotel-central-eunapolis-br,Eunápolis,Brasil,-16.374288,-39.5845027
1774210845,Plaza Hotel,,,Brasil,-16.3752014,-39.5814283
1774210854,,,,Brasil,-16.3759324,-39.5821969
1774210857,,,,Brasil,-16.3740233,-39.5751974
1774210860,,,,Brasil,-16.3713568,-39.5812774
1774210863,,,,Brasil,-16.3744436,-39.5759639
1774210869,,,,Brasil,-16.3726332,-39.5731664
1774211219,Gallope Plaza Hotel,https://melhorespousadas.tur.br/ba/eunapolis/gallope-plaza-hotel,,Brasil,-16.3793406,-39.582914
1776163216,,,,Brasil,-16.3731965,-39.5702184
1779088260,Hotel IBIS,https://all.accor.com/hotel/6516/index.en.shtml,,Brasil,-3.1290211,-59.9826537
1781519929,Pousada e Restaurante Cantão Verde,https://www.booking.com/hotel/br/pousada-canto-verde.pt-br.html,,Brasil,-11.851664,-37.6349458
1782732412,Pousada do Parque,,,Brasil,-15.4443985,-55.8251103
1784384492,Delcas Hotel,https://delcashotel.com.br/,,Brasil,-15.6215034,-56.0647313
1786437885,Rancho Palumar,,,Brasil,-22.16938,-42.0042596
1786440249,Fazenda Trapiche,https://www.trivago.com.br/pt-BR/oar/hotel-fazenda-trapiche-macaé?search=100-4106490,,Brasil,-22.1770189,-42.0103613
1788021919,Hotel Pigatto,http://pigattohotel.com.br/,,Brasil,-27.3653142,-53.3937681
1788021920,Palace Hotel,https://www.booking.com/hotel/br/nacional-palace-foz-do-iguacu1.pt-br.html,,Brasil,-27.3584256,-53.3963618
1788021923,Hotel Cantelle,https://cantellehotel.com.br/,,Brasil,-27.3581667,-53.3959646
1788590770,Rampazzo,,,Brasil,-27.1161337,-51.4656115
1791819406,Comfort Nova Paulista,https://comfort-nova-paulista.allsaopaulohotels.com/br/,São Paulo,Brasil,-23.5857159,-46.6360633
1793902860,,,,Brasil,-21.8732662,-51.8618628
1796141685,Hotel Amambai,https://www.hotelroyalamambai.com.br/,,Brasil,-23.0603369,-54.2093478
1796338826,Residence Park Hotel,http://www.residenceparkhotel.com.br/,Pedreira,Brasil,-22.7414349,-46.9047334
1798858774,Pousada Sonho Meu,https://www.booking.com/hotel/br/pousada-sonho-meu-florianopolis.pt-br.html,,Brasil,-23.2213397,-44.7166942
1799695176,Comfort Suites Campinas,https://comfort-suites-campinas.hotelsincampinas.com/br/,,Brasil,-22.8220738,-47.0360541
1799898801,Hotel Real,https://www.hotelbrasilrealrs.com/,,Brasil,3.8470041,-51.8351019
1800024166,Hotel Amazonas,,,Brasil,3.8478347,-51.835061
1800039213,,,,Brasil,-22.7293294,-47.6568887
1800093965,Hotel Floresta,https://hotel-floresta.hoteis-nortedobrasil.com/pt/,,Brasil,3.8475442,-51.8358889
1801306004,Trianon Paulista,https://www.hoteltrianon.com.br/,,Brasil,-23.5645031,-46.6581635
1801306041,Le Premier,https://www.booking.com/hotel/br/le-premier-apartamentos.pt-br.html,,Brasil,-23.5715183,-46.6598164
1804621040,Hotel Avenida,https://hotelavenidajp.com.br/,,Brasil,-11.9076257,-61.7798202
1811468920,Angra Apart,https://www.booking.com/aparthotels/city/br/angra-dos-reis.pt-br.html,,Brasil,-22.9982038,-44.2397081
1812022729,Hotel Beira Rio,https://hotelbeirario.tur.br/x/acomodacoes/,,Brasil,-7.0239164,-37.2698006
1812555043,Hotel Villa Rica,https://www.hotelvillarica.com.br/,,Brasil,-29.1900035,-54.8697767
1818000586,Itamambuca Eco Resort,https://www.booking.com/hotel/br/itamambuca-eco-resort.html,,Brasil,-23.4028118,-45.0140012
1820992541,Du Lac,https://hoteldulac.com.br/,,Brasil,-22.412831,-41.813793
1822381988,Hotel Beatrix,https://www.cnnbrasil.com.br/nacional/sudeste/rj/influenciadora-de-conteudo-adulto-morre-apos-cair-de-janela-de-hotel-no-rj/,,Brasil,-22.410973,-41.809069
1823602639,Hotel Amazônas,https://www.amazoniajunglehotel.com.br/,,Brasil,-2.9793111,-47.3548814
1823602641,,,,Brasil,-2.9805402,-47.3562846
1827151006,,,,Brasil,-19.8221473,-40.2737573
1827151008,Hotel Gineli,https://www.decolar.com/hoteis/h-996811/hotel-gineli-aracruz?section=photos,,Brasil,-19.8115771,-40.2734979
1827151023,Aratur,,,Brasil,-19.8218776,-40.2731385
1832003718,Hotel Barreiro,,,Brasil,-19.9728982,-44.0178496
1832253746,Single Flat,,,Brasil,-19.853573,-43.9579488
1832258262,Bristol Jaraguá Hotel,https://www.bhjaraguahotel.com.br/,,Brasil,-19.8632086,-43.9551884
1832258265,Hotel Portinari,https://www.booking.com/hotel/br/turrance-green.pt-br.html,,Brasil,-19.8531315,-43.9605317
1836080707,Grande Hotel,https://grandehotelsenac.com.br/ghp_acomodacoes/suite-grande-hotel/,,Brasil,-21.4091162,-48.499841
1836080708,Hotel Central,https://central.belemhotelsweb.com/br/,,Brasil,-21.408407,-48.4999912
1836080728,Avenida Park Hotel,http://www.avenidaparkhotel.com.br/,,Brasil,-21.4127121,-48.5016703
1849662584,Bristol,,,Brasil,-19.9269157,-43.9409733
1850233801,Hotel Dona Balbina,https://www.instagram.com/hoteldonabalbina/,,Brasil,-21.0425766,-40.8250179
1850931192,Grande Hotel de Juazeiro,https://grandehotel.hoteislazar.com.br/,Juazeiro,Brasil,-9.4100509,-40.5096371
1851893499,Hotel Rio Sol,https://www.instagram.com/hotelriosol/,Juazeiro,Brasil,-9.4131745,-40.4990963
1852461113,Tower Icarai Hotel,https://www.towerhotel.com.br/,Niterói,Brasil,-22.9120021,-43.1085856
1854335159,,,,Brasil,-29.4545866,-51.9704265
1854335161,Weiand Turis Hotel,https://melhorespousadas.tur.br/rs/lajeado/weiand-hotel,,Brasil,-29.459407,-51.9771213
1859114561,Pousada Alvorada,https://www.booking.com/hotel/br/pousada-alvorada-fernando-de-noronha.html,,Brasil,-14.2021127,-41.6633312
1868787903,,,,Brasil,-24.2430315,-51.6712156
1868787932,,,,Brasil,-24.2450169,-51.6715804
1879748128,,,,Brasil,-15.9104292,-46.1131757
1885144224,Hotel Dalmoro,https://www.hoteldalmoro.com.br/,Araranguá,Brasil,-28.9394353,-49.496783
1885731681,Esplanada,,,Brasil,-15.7945726,-47.8894572
1885800658,Pousada Clássica,https://www.booking.com/hotel/br/pousada-cla-ssica.pt-br.html,,Brasil,-20.3852894,-43.5046133
1885844339,Pousada Mãe d`Água,https://www.booking.com/hotel/br/pousada-mae-d-agua.pt-br.html,,Brasil,-21.1107521,-44.173608
1885880564,Mirador,https://www.booking.com/hotel/br/mirador-rio.pt-br.html,Rio de Janeiro,Brasil,-22.9686449,-43.1890949
1890938383,,,,Brasil,-21.8752549,-51.8437986
1898416801,Hotel Scorial,https://www.booking.com/hotel/br/scorial-rio.pt-br.html,,Brasil,-22.9298251,-43.1793378
1901441007,,,,Brasil,-4.7132834,-61.2931374
1901596925,Pousada Mirage Del Mar,https://www.letsbookhotel.com/en/brazil/lauro-de-freitas/hotel/pousada-mirage-del-mar.aspx,,Brasil,-12.8755821,-38.288596
1902214053,Termas de Jurema Resort Hotel,https://www.booking.com/hotel/br/termas-de-jurema-resort-iretama.pt-br.html,Iretama,Brasil,-24.2853609,-52.0964803
1902552073,,,,Brasil,-6.9737563,-63.098368
1903249684,Tururu,,,Brasil,-19.5944119,-46.9376137
1904772889,Hotel Steffen,https://steffen.riograndedosulhotels.net/br/,,Brasil,-29.4922387,-51.3591636
1909466137,Hotel Almanara,https://www.hotelalmanara.com.br/,,Brasil,-22.2729373,-51.4941344
1913180574,Águas do Verê,,,Brasil,-25.7595267,-52.9513008
1914105196,,,,Brasil,-1.452167,-48.499657
1914107974,Hotel Miranda,https://www.pantanalhotel.com.br/,,Brasil,-7.040485,-55.417349
